Tag,Count,Key,Value
"('highway', 'service')",12556,highway,service
"('service', 'alley')",11097,service,alley
"('highway', 'residential')",7917,highway,residential
"('highway', 'footway')",6913,highway,footway
"('surface', 'asphalt')",5835,surface,asphalt
"('footway', 'sidewalk')",4337,footway,sidewalk
"('footway', 'crossing')",2241,footway,crossing
"('oneway', 'yes')",2158,oneway,yes
"('lanes', '2')",2123,lanes,2
"('motorcycle', 'yes')",851,motorcycle,yes
"('highway', 'tertiary')",825,highway,tertiary
"('highway', 'primary')",782,highway,primary
"('crossing', 'uncontrolled')",671,crossing,uncontrolled
"('crossing', 'traffic_signals')",628,crossing,traffic_signals
"('crossing', 'marked')",621,crossing,marked
"('name', 'Phố Minh Khai')",543,name,Phố Minh Khai
"('motorcar', 'no')",541,motorcar,no
"('crossing:markings', 'zebra')",535,crossing:markings,zebra
"('surface', 'concrete')",491,surface,concrete
"('lit', 'yes')",467,lit,yes
"('lanes', '4')",393,lanes,4
"('moped', 'yes')",381,moped,yes
"('highway', 'secondary')",353,highway,secondary
"('name', 'Đường Số 1 Times City')",353,name,Đường Số 1 Times City
"('motor_vehicle', 'no')",352,motor_vehicle,no
"('oneway:motorcycle', 'no')",347,oneway:motorcycle,no
"('oneway:moped', 'no')",342,oneway:moped,no
"('oneway:bicycle', 'no')",342,oneway:bicycle,no
"('oneway:mofa', 'no')",321,oneway:mofa,no
"('name', 'Đường Số 4')",288,name,Đường Số 4
"('surface', 'paving_stones')",257,surface,paving_stones
"('lanes', '1')",255,lanes,1
"('oneway', 'no')",253,oneway,no
"('name', 'Đường Số 5 Times City')",247,name,Đường Số 5 Times City
"('crossing:markings', 'yes')",237,crossing:markings,yes
"('motor_vehicle:conditional', 'no @ (Fr 19:00-23:59; Sa-Su 00:00-23:59)')",230,motor_vehicle:conditional,no @ (Fr 19:00-23:59; Sa-Su 00:00-23:59)
"('surface', 'concrete:plates')",209,surface,concrete:plates
"('crossing', 'unmarked')",208,crossing,unmarked
"('vehicle:conditional', 'no @ (Jan 1 00:00-23:59)')",199,vehicle:conditional,no @ (Jan 1 00:00-23:59)
"('highway', 'primary_link')",196,highway,primary_link
"('layer', '1')",190,layer,1
"('lanes', '3')",187,lanes,3
"('highway', 'steps')",176,highway,steps
"('name', 'Đường Số 7 Times City')",172,name,Đường Số 7 Times City
"('name', 'Phố Kim Ngưu')",171,name,Phố Kim Ngưu
"('bridge', 'yes')",167,bridge,yes
"('bicycle', 'yes')",131,bicycle,yes
"('name', 'Ngõ 13 Đường Lĩnh Nam')",126,name,Ngõ 13 Đường Lĩnh Nam
"('name', 'Đường Số 2 Times City')",113,name,Đường Số 2 Times City
"('name', 'Đường Số 3 Times City')",112,name,Đường Số 3 Times City
"('motorcar', 'destination')",112,motorcar,destination
"('horse', 'no')",98,horse,no
"('addr:district', 'Hai Bà Trưng')",96,addr:district,Hai Bà Trưng
"('addr:city', 'Hà Nội')",96,addr:city,Hà Nội
"('addr:province', 'Hà Nội')",96,addr:province,Hà Nội
"('smoothness', 'good')",95,smoothness,good
"('name', 'Đường Trần Khát Chân')",94,name,Đường Trần Khát Chân
"('bicycle', 'no')",93,bicycle,no
"('name', 'Phố Đinh Tiên Hoàng')",89,name,Phố Đinh Tiên Hoàng
"('name:en', 'Dinh Tien Hoang Street')",89,name:en,Dinh Tien Hoang Street
"('name:zh', '丁先皇街')",89,name:zh,丁先皇街
"('name', 'Đường Đại Cồ Việt')",86,name,Đường Đại Cồ Việt
"('name:en', 'Dai Co Viet Road')",86,name:en,Dai Co Viet Road
"('name:zh', '大瞿越路')",86,name:zh,大瞿越路
"('name', 'Phố Lê Thái Tổ')",85,name,Phố Lê Thái Tổ
"('name', 'Phố Quang Trung')",82,name,Phố Quang Trung
"('name:zh', '陈渴真路')",82,name:zh,陈渴真路
"('foot', 'yes')",80,foot,yes
"('maxspeed', '50')",80,maxspeed,50
"('name', 'Phố Chùa Quỳnh')",79,name,Phố Chùa Quỳnh
"('maxweight', '30')",79,maxweight,30
"('name', 'Phố Nguyễn Đình Chiểu')",78,name,Phố Nguyễn Đình Chiểu
"('name:en', 'Nguyen Dinh Chieu Street')",78,name:en,Nguyen Dinh Chieu Street
"('name:en', 'Tran Khat Chan Road')",78,name:en,Tran Khat Chan Road
"('crossing', 'zebra')",78,crossing,zebra
"('cycleway', 'no')",78,cycleway,no
"('boundary', 'administrative')",77,boundary,administrative
"('alt_name', 'Tân Lập cũ')",77,alt_name,Tân Lập cũ
"('name:zh', '黎太祖街')",75,name:zh,黎太祖街
"('name:en', 'Le Thai To Street')",75,name:en,Le Thai To Street
"('highway', 'pedestrian')",75,highway,pedestrian
"('name:zh', '钟楼街')",71,name:zh,钟楼街
"('name', 'Phố Nhà Chung')",71,name,Phố Nhà Chung
"('name:en', 'Nha Chung Street')",71,name:en,Nha Chung Street
"('name', 'Phố Lò Đúc')",68,name,Phố Lò Đúc
"('old_name:fr', 'Boulevard Armand Rousseau')",68,old_name:fr,Boulevard Armand Rousseau
"('name:en', 'Lo Duc Street')",65,name:en,Lo Duc Street
"('highway', 'path')",65,highway,path
"('landuse', 'residential')",64,landuse,residential
"('residential', 'apartments')",64,residential,apartments
"('addr:subdistrict', 'Vĩnh Tuy')",64,addr:subdistrict,Vĩnh Tuy
"('addr:street', 'Phố Minh Khai')",64,addr:street,Phố Minh Khai
"('name', 'Phố Hồng Mai')",63,name,Phố Hồng Mai
"('hgv', 'no')",61,hgv,no
"('name:id', 'Jalan Le Thai To')",60,name:id,Jalan Le Thai To
"('name', 'Ngõ 622 Phố Minh Khai')",58,name,Ngõ 622 Phố Minh Khai
"('warning_traffic_jam:content', '123')",58,warning_traffic_jam:content,123
"('junction', 'roundabout')",58,junction,roundabout
"('name', 'Phố Thanh Nhàn')",57,name,Phố Thanh Nhàn
"('name', 'Vinhomes Times City')",55,name,Vinhomes Times City
"('wikipedia', 'vi:Vinhomes Times City')",55,wikipedia,vi:Vinhomes Times City
"('operator', 'Vingroup')",55,operator,Vingroup
"('addr:postcode', '100000')",55,addr:postcode,100000
"('addr:housenumber', '458')",55,addr:housenumber,458
"('wikimedia_commons', 'Category:Times City')",55,wikimedia_commons,Category:Times City
"('wikidata', 'Q10779495')",55,wikidata,Q10779495
"('highway', 'secondary_link')",55,highway,secondary_link
"('note', 'Tổ chức giao thông một chiều cho các phương tiện ô tô trên phố Nguyễn Đình Chiểu theo đoạn và chiều từ Tô Hiến Thành đi đến Đại Cồ Việt. Thời gian thí điểm: 13/01/2024 - 30/4/2024.')",53,note,Tổ chức giao thông một chiều cho các phương tiện ô tô trên phố Nguyễn Đình Chiểu theo đoạn và chiều từ Tô Hiến Thành đi đến Đại Cồ Việt. Thời gian thí điểm: 13/01/2024 - 30/4/2024.
"('source', 'AsiaGPS;grab_hanoi_2018_t2;https://vovgiaothong.vn/newsaudio/thi-diem-dieu-chinh-to-chuc-giao-thong-pho-nguyen-dinh-chieu-d37345.html')",53,source,AsiaGPS;grab_hanoi_2018_t2;https://vovgiaothong.vn/newsaudio/thi-diem-dieu-chinh-to-chuc-giao-thong-pho-nguyen-dinh-chieu-d37345.html
"('name:zh', '行桃街')",52,name:zh,行桃街
"('motor_vehicle:conditional', 'no @ (Fr-Su 18:00-23:59)')",52,motor_vehicle:conditional,no @ (Fr-Su 18:00-23:59)
"('wikipedia', 'vi:Hàng Đào')",52,wikipedia,vi:Hàng Đào
"('wikidata', 'Q10770772')",52,wikidata,Q10770772
"('name', 'Phố Hàng Đào')",52,name,Phố Hàng Đào
"('name:en', 'Hang Dao Street')",52,name:en,Hang Dao Street
"('name', 'Phố Nguyễn Văn Viên')",51,name,Phố Nguyễn Văn Viên
"('old_name', 'Phố Vĩnh Tuy')",51,old_name,Phố Vĩnh Tuy
"('lane_markings', 'no')",51,lane_markings,no
"('destination:street', 'Phố Minh Khai')",50,destination:street,Phố Minh Khai
"('destination', 'Cầu Vĩnh Tuy;Câu C. Đường')",50,destination,Cầu Vĩnh Tuy;Câu C. Đường
"('name', 'Đường Số 1')",49,name,Đường Số 1
"('name', 'Phố Võ Thị Sáu')",47,name,Phố Võ Thị Sáu
"('source', 'AsiaGPS')",47,source,AsiaGPS
"('name:en', 'Cau Go Street')",46,name:en,Cau Go Street
"('name:zh', '木桥街')",46,name:zh,木桥街
"('name', 'Phố Phan Chu Trinh')",46,name,Phố Phan Chu Trinh
"('name:vi', 'Phố Lê Thái Tổ')",44,name:vi,Phố Lê Thái Tổ
"('landuse', 'commercial')",42,landuse,commercial
"('cycleway:right', 'shared_lane')",42,cycleway:right,shared_lane
"('building', 'yes')",42,building,yes
"('name:en', 'Gia Ngu Street')",41,name:en,Gia Ngu Street
"('name', 'Phố Gia Ngư')",41,name,Phố Gia Ngư
"('motor_vehicle', 'destination')",41,motor_vehicle,destination
"('name:zh', '家鱼街')",41,name:zh,家鱼街
"('cycleway:both', 'no')",41,cycleway:both,no
"('name', 'Phố Nhà Thờ')",39,name,Phố Nhà Thờ
"('name:id', 'Jalan Nha Tho (Gereja)')",39,name:id,Jalan Nha Tho (Gereja)
"('name:zh', '教堂街')",39,name:zh,教堂街
"('name:en', 'Nha Tho Street')",39,name:en,Nha Tho Street
"('name', 'Phố Nguyễn Khắc Cần')",39,name,Phố Nguyễn Khắc Cần
"('mofa', 'yes')",38,mofa,yes
"('button_operated', 'yes')",36,button_operated,yes
"('name', 'Ngõ E8 Kim Ngưu')",36,name,Ngõ E8 Kim Ngưu
"('name', 'Phố Tạ Quang Bửu')",36,name,Phố Tạ Quang Bửu
"('name', 'Phố Quỳnh Lôi')",35,name,Phố Quỳnh Lôi
"('access', 'private')",34,access,private
"('service', 'driveway')",33,service,driveway
"('name', 'Ngõ 364 Minh Khai')",33,name,Ngõ 364 Minh Khai
"('addr:postcode', '10053')",32,addr:postcode,10053
"('addr:housenumber', '35')",32,addr:housenumber,35
"('office', 'government')",32,office,government
"('name', 'Bộ Giáo dục và Đào tạo')",32,name,Bộ Giáo dục và Đào tạo
"('wikipedia', 'vi:Bộ Giáo dục và Đào tạo (Việt Nam)')",32,wikipedia,vi:Bộ Giáo dục và Đào tạo (Việt Nam)
"('name:en', 'Ministry of Education and Training')",32,name:en,Ministry of Education and Training
"('addr:street', 'Đường Đại Cồ Việt')",32,addr:street,Đường Đại Cồ Việt
"('addr:subdistrict', 'Phường Bách Khoa')",32,addr:subdistrict,Phường Bách Khoa
"('wikidata', 'Q6866873')",32,wikidata,Q6866873
"('government', 'ministry')",32,government,ministry
"('name', 'Ngõ 4 Quỳnh Lôi')",32,name,Ngõ 4 Quỳnh Lôi
"('name', 'Đường Tam Trinh')",30,name,Đường Tam Trinh
"('sidewalk:both', 'separate')",29,sidewalk:both,separate
"('name:en', 'Hang Ngang Street')",28,name:en,Hang Ngang Street
"('name:en', 'Hang Bac Street')",28,name:en,Hang Bac Street
"('name', 'Phố Hàng Ngang')",28,name,Phố Hàng Ngang
"('name', 'Phố Hàng Bồ')",28,name,Phố Hàng Bồ
"('name', 'Phố Hàng Bạc')",28,name,Phố Hàng Bạc
"('name:zh', '行横街')",28,name:zh,行横街
"('name', 'Ngõ 583')",28,name,Ngõ 583
"('foot', 'no')",27,foot,no
"('access', 'no')",26,access,no
"('highway', 'tertiary_link')",26,highway,tertiary_link
"('highway', 'trunk_link')",26,highway,trunk_link
"('tactile_paving', 'yes')",25,tactile_paving,yes
"('source', 'AsiaGPS;grab_hanoi_2018_t2')",25,source,AsiaGPS;grab_hanoi_2018_t2
"('name', 'Ngõ 641 Phố Kim Ngưu')",25,name,Ngõ 641 Phố Kim Ngưu
"('name', 'Phố Cao Đạt')",25,name,Phố Cao Đạt
"('name:en', 'Cao Dat Street')",25,name:en,Cao Dat Street
"('name', 'Phố Cầu Gỗ')",25,name,Phố Cầu Gỗ
"('name', 'Ngõ 88 Kim Ngưu')",24,name,Ngõ 88 Kim Ngưu
"('name', 'Phố Lý Quốc Sư')",23,name,Phố Lý Quốc Sư
"('name', 'Ngõ 172')",23,name,Ngõ 172
"('turn:lanes:backward', 'through;left;right')",23,turn:lanes:backward,through;left;right
"('name:id', 'Jalan Ly Quoc Su')",23,name:id,Jalan Ly Quoc Su
"('turn:lanes:forward', 'through')",23,turn:lanes:forward,through
"('name', 'Ngõ 469 Kim Ngưu')",23,name,Ngõ 469 Kim Ngưu
"('name:zh', '李国师街')",23,name:zh,李国师街
"('name', 'Ngõ 84 Kim Ngưu')",23,name,Ngõ 84 Kim Ngưu
"('name:en', 'Ly Quoc Su Street')",23,name:en,Ly Quoc Su Street
"('name', 'Ngõ 622 Minh Khai')",22,name,Ngõ 622 Minh Khai
"('name', 'Ngõ 487 Kim Ngưu')",22,name,Ngõ 487 Kim Ngưu
"('traffic_calming', 'island')",22,traffic_calming,island
"('name', 'Ngõ 461 Trần Khát Chân')",22,name,Ngõ 461 Trần Khát Chân
"('surface', 'unpaved')",21,surface,unpaved
"('name', 'Phố Lê Thanh Nghị')",21,name,Phố Lê Thanh Nghị
"('name', 'Phố Hàng Trống')",21,name,Phố Hàng Trống
"('name', 'Ngách 13/21 Lĩnh Nam')",21,name,Ngách 13/21 Lĩnh Nam
"('name:en', 'Hang Trong Street')",21,name:en,Hang Trong Street
"('destination:street', 'Phố Cầu Gỗ')",21,destination:street,Phố Cầu Gỗ
"('name:id', 'Jalan Hang Trong')",21,name:id,Jalan Hang Trong
"('name', 'Phố Yên Lạc')",20,name,Phố Yên Lạc
"('name:zh', '二征夫人街')",20,name:zh,二征夫人街
"('name:en', 'Hai Ba Trung Street')",20,name:en,Hai Ba Trung Street
"('name', 'Phố Hai Bà Trưng')",20,name,Phố Hai Bà Trưng
"('name', 'Ngõ E4 Kim Ngưu')",19,name,Ngõ E4 Kim Ngưu
"('name', 'Phố Phạm Sư Mạnh')",19,name,Phố Phạm Sư Mạnh
"('name', 'Ngõ 260 Kim Ngưu')",18,name,Ngõ 260 Kim Ngưu
"('name', 'Phố Yên Bái 2')",18,name,Phố Yên Bái 2
"('name:en', 'Yen Bai 2 Street')",18,name:en,Yen Bai 2 Street
"('handrail', 'yes')",18,handrail,yes
"('incline', 'down')",18,incline,down
"('source', 'Bing + Local Survey')",17,source,Bing + Local Survey
"('name', 'Ngõ 31 Đại Cồ Việt')",17,name,Ngõ 31 Đại Cồ Việt
"('name', 'Ngõ 174 Kim Ngưu')",17,name,Ngõ 174 Kim Ngưu
"('name:en', 'Hanoi Old Quarters boundary')",16,name:en,Hanoi Old Quarters boundary
"('note', 'Nguồn: 70 BXD/KT-QH ngày 30 tháng 3 năm 1995 của Bộ Xây dựng')",16,note,Nguồn: 70 BXD/KT-QH ngày 30 tháng 3 năm 1995 của Bộ Xây dựng
"('turn:lanes:backward', 'left;through|through;right')",16,turn:lanes:backward,left;through|through;right
"('name', 'Ranh giới khu phố cổ Hà Nội')",16,name,Ranh giới khu phố cổ Hà Nội
"('name', 'Ngõ Hòa Bình 7')",16,name,Ngõ Hòa Bình 7
"('admin_level', '7')",16,admin_level,7
"('name', 'Ngõ Xóm Hà Hồi')",16,name,Ngõ Xóm Hà Hồi
"('name', 'Ngõ 180 Phố Lò Đúc')",15,name,Ngõ 180 Phố Lò Đúc
"('name:zh', '行荄街')",15,name:zh,行荄街
"('name:en', 'Hang Gai Street')",15,name:en,Hang Gai Street
"('name', 'Phố Bạch Mai')",15,name,Phố Bạch Mai
"('name', 'Phố Hàng Gai')",15,name,Phố Hàng Gai
"('name:en', 'Van Ho 3 Street')",14,name:en,Van Ho 3 Street
"('area', 'yes')",14,area,yes
"('maxheight', '2.3')",14,maxheight,2.3
"('name', 'Ngõ Phan Chu Trinh')",14,name,Ngõ Phan Chu Trinh
"('name', 'Phố Chùa Vua')",14,name,Phố Chùa Vua
"('name', 'Cầu vượt Trần Khát Chân')",14,name,Cầu vượt Trần Khát Chân
"('maxweight', '8')",14,maxweight,8
"('name', 'Ngõ 536 Phố Minh Khai')",14,name,Ngõ 536 Phố Minh Khai
"('name:en', 'Chua Vua Street')",14,name:en,Chua Vua Street
"('name', 'Vân Hồ 3')",14,name,Vân Hồ 3
"('motorcar', 'yes')",13,motorcar,yes
"('name', 'Ngõ 187')",13,name,Ngõ 187
"('name', 'Ngõ 190 Phố Lò Đúc')",13,name,Ngõ 190 Phố Lò Đúc
"('name', 'Ngõ 257')",13,name,Ngõ 257
"('motorcycle', 'no')",13,motorcycle,no
"('name', 'Phố Quỳnh Mai')",13,name,Phố Quỳnh Mai
"('moped', 'no')",13,moped,no
"('motor_vehicle', 'yes')",13,motor_vehicle,yes
"('name', 'Ngõ 189 Phố Thanh Nhàn')",13,name,Ngõ 189 Phố Thanh Nhàn
"('name:en', 'Tran Nhan Tong Street')",12,name:en,Tran Nhan Tong Street
"('name', 'Ngõ 42 Phố Võ Thị Sáu')",12,name,Ngõ 42 Phố Võ Thị Sáu
"('name', 'Phố Bà Triệu')",12,name,Phố Bà Triệu
"('name', 'Phố Lý Thường Kiệt')",12,name,Phố Lý Thường Kiệt
"('name', 'Ngõ Tràng Tiền')",12,name,Ngõ Tràng Tiền
"('name', 'Ngõ 647 Phố Kim Ngưu')",12,name,Ngõ 647 Phố Kim Ngưu
"('name', 'Ngõ 102 Kim Ngưu')",12,name,Ngõ 102 Kim Ngưu
"('name', 'Ngõ 27 Đại Cồ Việt')",12,name,Ngõ 27 Đại Cồ Việt
"('name', 'Ngõ Hòa Bình 3')",12,name,Ngõ Hòa Bình 3
"('name:en', 'Ly Thuong Kiet Street')",12,name:en,Ly Thuong Kiet Street
"('name', 'Ngõ 44 Phố Võ Thị Sáu')",12,name,Ngõ 44 Phố Võ Thị Sáu
"('name', 'Phố Trần Nhân Tông')",12,name,Phố Trần Nhân Tông
"('name:en', 'Trang Tien Alley')",12,name:en,Trang Tien Alley
"('service', 'parking_aisle')",12,service,parking_aisle
"('name', 'Ngõ 158 Phố Hồng Mai')",11,name,Ngõ 158 Phố Hồng Mai
"('alt_name', 'Ngõ 156 Phố Hồng Mai')",11,alt_name,Ngõ 156 Phố Hồng Mai
"('name', 'Ngõ 279 Trần Khát Chân')",11,name,Ngõ 279 Trần Khát Chân
"('name', 'Ngách 10 Ngõ 156 Phố Hồng Mai')",11,name,Ngách 10 Ngõ 156 Phố Hồng Mai
"('surface', 'metal')",11,surface,metal
"('name', 'Ngõ 54 Kim Ngưu')",11,name,Ngõ 54 Kim Ngưu
"('turn:lanes:forward', 'through|through;right')",11,turn:lanes:forward,through|through;right
"('fixme', 'New pedestrian bridge, position might be wrong')",11,fixme,"New pedestrian bridge, position might be wrong"
"('old_name:fr', 'Boulevard Gambetta')",10,old_name:fr,Boulevard Gambetta
"('name', 'Ngõ 34 Vĩnh Tuy')",10,name,Ngõ 34 Vĩnh Tuy
"('name', 'Cầu Vượt Trần Khát Chân')",10,name,Cầu Vượt Trần Khát Chân
"('fixme', 'maxweight')",10,fixme,maxweight
"('name', 'Ngõ Hòa Bình 2')",10,name,Ngõ Hòa Bình 2
"('name', 'Phố Trần Hưng Đạo')",10,name,Phố Trần Hưng Đạo
"('name', 'Ngõ 254 Kim Ngưu')",10,name,Ngõ 254 Kim Ngưu
"('name:en', 'Tran Hung Dao Street')",10,name:en,Tran Hung Dao Street
"('name', 'Hòa Bình Green City')",9,name,Hòa Bình Green City
"('name', 'Phố Tràng Thi')",9,name,Phố Tràng Thi
"('name', 'Ngõ 100 Kim Ngưu')",9,name,Ngõ 100 Kim Ngưu
"('name:en', 'Trang Thi Street')",9,name:en,Trang Thi Street
"('name', 'Phố Lê Đại Hành')",9,name,Phố Lê Đại Hành
"('name', 'Phố Lạc Nghiệp')",9,name,Phố Lạc Nghiệp
"('name', 'Cầu Kim Ngưu S3')",9,name,Cầu Kim Ngưu S3
"('name', 'Ngõ Hòa Bình 4')",9,name,Ngõ Hòa Bình 4
"('name', 'Ngõ 93 Nguyễn Đình Chiểu')",9,name,Ngõ 93 Nguyễn Đình Chiểu
"('name:id', 'Jalan Trang Thi')",9,name:id,Jalan Trang Thi
"('name', 'Ngõ 88 Chùa Quỳnh')",9,name,Ngõ 88 Chùa Quỳnh
"('name:vi', 'Phố Tràng Thi')",9,name:vi,Phố Tràng Thi
"('name:zh', '场试街')",9,name:zh,场试街
"('addr:housenumber', '505')",9,addr:housenumber,505
"('name', 'Ngõ Quỳnh')",9,name,Ngõ Quỳnh
"('name', 'Ngõ 10 Phố 8 Tháng 3')",8,name,Ngõ 10 Phố 8 Tháng 3
"('name', 'Ngõ 624 Phố Minh Khai')",8,name,Ngõ 624 Phố Minh Khai
"('highway', 'track')",8,highway,track
"('name', 'Phố 8 Tháng 3')",8,name,Phố 8 Tháng 3
"('name', 'Ngõ 124 Kim Ngưu')",8,name,Ngõ 124 Kim Ngưu
"('name', 'Phố Hàng Khay')",8,name,Phố Hàng Khay
"('name', 'Ngõ 302 Phố Minh Khai')",8,name,Ngõ 302 Phố Minh Khai
"('name', 'Ngách 624/12 Phố Minh Khai')",8,name,Ngách 624/12 Phố Minh Khai
"('name', 'Ngõ 254D Minh Khai')",8,name,Ngõ 254D Minh Khai
"('name:en', 'Hang Khay Street')",8,name:en,Hang Khay Street
"('trail_visibility', 'excellent')",8,trail_visibility,excellent
"('name', 'Ngõ 308 Phố Minh Khai')",7,name,Ngõ 308 Phố Minh Khai
"('name', 'Ngõ 327 Thanh Nhàn')",7,name,Ngõ 327 Thanh Nhàn
"('name', 'Ngách 17 Ngõ 295 Phố Bạch Mai')",7,name,Ngách 17 Ngõ 295 Phố Bạch Mai
"('maxspeed:type', 'VN:urban')",7,maxspeed:type,VN:urban
"('name', 'Ngõ 343 Phố Kim Ngưu')",7,name,Ngõ 343 Phố Kim Ngưu
"('name:en', 'Hang Dau Street')",7,name:en,Hang Dau Street
"('name', 'Phố Hàng Dầu')",7,name,Phố Hàng Dầu
"('name', 'Ngõ 66 Đại Cồ Việt')",7,name,Ngõ 66 Đại Cồ Việt
"('name', 'Ngõ 8 Quỳnh Lôi')",7,name,Ngõ 8 Quỳnh Lôi
"('name', 'Ngõ 250 Kim Ngưu')",7,name,Ngõ 250 Kim Ngưu
"('name', 'Ngõ 203 Kim Ngưu')",7,name,Ngõ 203 Kim Ngưu
"('name', 'Ngõ 102+104')",7,name,Ngõ 102+104
"('cycleway:both', 'shared_lane')",7,cycleway:both,shared_lane
"('name', 'Phố Mạc Thị Bưởi')",7,name,Phố Mạc Thị Bưởi
"('name', 'Ngõ Hòa Bình 1')",7,name,Ngõ Hòa Bình 1
"('name:zh', '行油街')",7,name:zh,行油街
"('name', 'Ngõ 13')",6,name,Ngõ 13
"('name:en', 'Ham Long Street')",6,name:en,Ham Long Street
"('barrier', 'kerb')",6,barrier,kerb
"('name', 'Phố Bùi Ngọc Dương')",6,name,Phố Bùi Ngọc Dương
"('name', 'Phố Lê Văn Hưu')",6,name,Phố Lê Văn Hưu
"('kerb', 'raised')",6,kerb,raised
"('name', 'Phố Hoa Lư')",6,name,Phố Hoa Lư
"('name:en', 'Mai Dong Bridge')",6,name:en,Mai Dong Bridge
"('name', 'Cầu Kim Ngưu S2')",6,name,Cầu Kim Ngưu S2
"('name:en', 'Han Thuyen Street')",6,name:en,Han Thuyen Street
"('name', 'Cầu Mai Động')",6,name,Cầu Mai Động
"('name', 'Ngõ 158 Phố Lò Đúc')",6,name,Ngõ 158 Phố Lò Đúc
"('name', 'Phố Hàm Long')",6,name,Phố Hàm Long
"('maxheight', '2')",6,maxheight,2
"('name', 'Ngõ 254 Minh Khai')",6,name,Ngõ 254 Minh Khai
"('name:en', 'Hoa Lu Street')",6,name:en,Hoa Lu Street
"('access', 'yes')",6,access,yes
"('name:en', 'Le Dai Hanh Street')",6,name:en,Le Dai Hanh Street
"('name', 'Ngõ 168 Phố Lò Đúc')",6,name,Ngõ 168 Phố Lò Đúc
"('name:en', 'Le Van Huu Street')",6,name:en,Le Van Huu Street
"('name', 'Ngõ 331 Trần Khát Chân')",6,name,Ngõ 331 Trần Khát Chân
"('name', 'Phố Hàn Thuyên')",6,name,Phố Hàn Thuyên
"('name', 'Ngõ 459 Phố Bạch Mai')",6,name,Ngõ 459 Phố Bạch Mai
"('name', 'Ngõ 9 Minh Khai')",6,name,Ngõ 9 Minh Khai
"('name', 'Ngõ 89 Nguyễn Đình Chiểu')",6,name,Ngõ 89 Nguyễn Đình Chiểu
"('turn:lanes', 'left|through|through')",6,turn:lanes,left|through|through
"('name', 'Ngõ 40 Tạ Quang Bửu')",6,name,Ngõ 40 Tạ Quang Bửu
"('name', 'Ngõ Hòa Bình 5')",6,name,Ngõ Hòa Bình 5
"('sidewalk', 'no')",6,sidewalk,no
"('name', 'Ngõ Hòa Bình 6')",5,name,Ngõ Hòa Bình 6
"('maxheight', 'default')",5,maxheight,default
"('name', 'Ngõ 505 Trần Khát Chân')",5,name,Ngõ 505 Trần Khát Chân
"('name', 'Phố Nguyễn Công Trứ')",5,name,Phố Nguyễn Công Trứ
"('name', 'Ngõ 260 Phố Kim Ngưu')",5,name,Ngõ 260 Phố Kim Ngưu
"('lanes:forward', '2')",5,lanes:forward,2
"('name', 'Ngõ 186 Phố Hồng Mai')",5,name,Ngõ 186 Phố Hồng Mai
"('name', 'Ngõ 296 Phố Minh Khai')",5,name,Ngõ 296 Phố Minh Khai
"('name', 'Phố Thọ Lão')",5,name,Phố Thọ Lão
"('name', 'Ngõ 285')",5,name,Ngõ 285
"('name', 'Ngõ 22 phố Tạ Quang Bửu')",5,name,Ngõ 22 phố Tạ Quang Bửu
"('layer', '-1')",5,layer,-1
"('name', 'Ngõ 74 Kim Ngưu')",5,name,Ngõ 74 Kim Ngưu
"('maxspeed', '60')",5,maxspeed,60
"('name', 'Ngõ 17 Tạ Quang Bửu')",5,name,Ngõ 17 Tạ Quang Bửu
"('cycleway', 'shared_lane')",5,cycleway,shared_lane
"('name', 'Cầu Kim Ngưu S4')",5,name,Cầu Kim Ngưu S4
"('name', 'Phố Đông Mác')",5,name,Phố Đông Mác
"('name', 'Ngõ 4 Nguyễn Đình Chiểu')",5,name,Ngõ 4 Nguyễn Đình Chiểu
"('name', 'Phố Vĩnh Tuy')",5,name,Phố Vĩnh Tuy
"('name', 'Ngõ 9 Quỳnh Lôi')",5,name,Ngõ 9 Quỳnh Lôi
"('name', 'Phố Vân Hồ 3')",5,name,Phố Vân Hồ 3
"('name', 'Ngõ 1 Tạ Quang Bửu')",5,name,Ngõ 1 Tạ Quang Bửu
"('name', 'Ngõ 44 Nguyễn Đình Chiểu')",5,name,Ngõ 44 Nguyễn Đình Chiểu
"('name:en', 'Tho Lao Street')",5,name:en,Tho Lao Street
"('name', 'Ngõ 40')",5,name,Ngõ 40
"('landuse', 'grass')",5,landuse,grass
"('name', 'Ngách 204/3')",5,name,Ngách 204/3
"('name', 'Phố Dương Văn Bé')",5,name,Phố Dương Văn Bé
"('lanes:backward', '2')",5,lanes:backward,2
"('maxweight', '10')",5,maxweight,10
"('note', 'Direction of traffic not clear. Do not enter sign and traffic lights imply conflicting kinds of traffic flow in this area.')",5,note,Direction of traffic not clear. Do not enter sign and traffic lights imply conflicting kinds of traffic flow in this area.
"('name', 'Ngõ Tân Lập')",5,name,Ngõ Tân Lập
"('name:en', 'Nguyen Du Street')",4,name:en,Nguyen Du Street
"('name', 'Cầu Lạc Trung')",4,name,Cầu Lạc Trung
"('name:zh', '阮攸街')",4,name:zh,阮攸街
"('name:en', 'Tran Chat Chan Road')",4,name:en,Tran Chat Chan Road
"('name:zh', '陈兴道坊')",4,name:zh,陈兴道坊
"('name', 'Phố Nguyễn Cao')",4,name,Phố Nguyễn Cao
"('name', 'Ngõ 153 Phố Thanh Nhàn')",4,name,Ngõ 153 Phố Thanh Nhàn
"('name', 'Ngõ 30 Tạ Quang Bửu')",4,name,Ngõ 30 Tạ Quang Bửu
"('name', 'Ngõ 433 Phố Kim Ngưu')",4,name,Ngõ 433 Phố Kim Ngưu
"('source', 'Bing')",4,source,Bing
"('destination:street', 'Phố Kim Ngưu')",4,destination:street,Phố Kim Ngưu
"('name', 'Ngõ 40 Võ Thị Sáu')",4,name,Ngõ 40 Võ Thị Sáu
"('name', 'Ngõ 101 Thanh Nhàn')",4,name,Ngõ 101 Thanh Nhàn
"('name', 'Ngõ 116 Phố Lò Đúc')",4,name,Ngõ 116 Phố Lò Đúc
"('name', 'Ngõ 30 Nguyễn Đình Chiểu')",4,name,Ngõ 30 Nguyễn Đình Chiểu
"('name', 'Ngách 14 Ngõ 156 Phố Hồng Mai')",4,name,Ngách 14 Ngõ 156 Phố Hồng Mai
"('name', 'Phố Nguyễn Du')",4,name,Phố Nguyễn Du
"('name', 'Ngõ 164 Hồng Mai')",4,name,Ngõ 164 Hồng Mai
"('name', 'Ngõ 252')",4,name,Ngõ 252
"('name', 'Ngõ 84 Phố Võ Thị Sáu')",3,name,Ngõ 84 Phố Võ Thị Sáu
"('name', 'Ngõ 96 Lò Đúc')",3,name,Ngõ 96 Lò Đúc
"('name:id', 'Jalan Trang Tien')",3,name:id,Jalan Trang Tien
"('name:vi', 'Phố Lê Lai')",3,name:vi,Phố Lê Lai
"('name', 'Phố Hoà Mã')",3,name,Phố Hoà Mã
"('name', 'Ngõ 433 Bạch Mai')",3,name,Ngõ 433 Bạch Mai
"('name', 'Ngõ 506 Bạch Mai')",3,name,Ngõ 506 Bạch Mai
"('name:zh', '丁礼街')",3,name:zh,丁礼街
"('name:zh', '陈元扞街')",3,name:zh,陈元扞街
"('name:zh', '场钱街')",3,name:zh,场钱街
"('name', 'Ngõ 37 Hồng Mai')",3,name,Ngõ 37 Hồng Mai
"('amenity', 'parking')",3,amenity,parking
"('name', 'Ngõ 281 Trần Khát Chân')",3,name,Ngõ 281 Trần Khát Chân
"('name', 'Ngõ 269')",3,name,Ngõ 269
"('name', 'Phố Lê Lai')",3,name,Phố Lê Lai
"('name', 'Cầu vượt Ô Đông Mác')",3,name,Cầu vượt Ô Đông Mác
"('name:id', 'Jalan Dinh Le')",3,name:id,Jalan Dinh Le
"('name', 'Phố Trần Nguyên Hãn')",3,name,Phố Trần Nguyên Hãn
"('man_made', 'bridge')",3,man_made,bridge
"('name', 'Ngách 121/3 Kim Ngưu')",3,name,Ngách 121/3 Kim Ngưu
"('name:en', 'Dinh Le Street')",3,name:en,Dinh Le Street
"('name:zh', '黎莱街')",3,name:zh,黎莱街
"('name', 'Ngõ 100 Nguyễn Văn Viên')",3,name,Ngõ 100 Nguyễn Văn Viên
"('name', 'Phố Đinh Lễ')",3,name,Phố Đinh Lễ
"('name', 'Phố Tô Hiến Thành')",3,name,Phố Tô Hiến Thành
"('name', 'Phố Tuệ Tĩnh')",3,name,Phố Tuệ Tĩnh
"('name:en', 'Le Lai Street')",3,name:en,Le Lai Street
"('name:en', 'To Hien Thanh Street')",3,name:en,To Hien Thanh Street
"('name', 'Phố Tràng Tiền')",3,name,Phố Tràng Tiền
"('sidewalk', 'both')",3,sidewalk,both
"('name:en', 'Tran Nguyen Han Street')",3,name:en,Tran Nguyen Han Street
"('name', 'Phố Phạm Đình Hổ')",3,name,Phố Phạm Đình Hổ
"('name', 'Ngõ 121 Kim Ngưu')",3,name,Ngõ 121 Kim Ngưu
"('name:en', 'Trang Tien Street')",3,name:en,Trang Tien Street
"('name:en', 'Tue Tinh Street')",3,name:en,Tue Tinh Street
"('name', 'Ngõ 150 Phố Lò Đúc')",3,name,Ngõ 150 Phố Lò Đúc
"('maxspeed', '40')",3,maxspeed,40
"('wikidata', 'Q10771964')",2,wikidata,Q10771964
"('maxheight', '4.75')",2,maxheight,4.75
"('wikipedia', 'vi:Phố Hồ Hoàn Kiếm')",2,wikipedia,vi:Phố Hồ Hoàn Kiếm
"('name', 'Ngõ 19 Nguyễn Công Trứ')",2,name,Ngõ 19 Nguyễn Công Trứ
"('name:zh', '炉炷街')",2,name:zh,炉炷街
"('name', 'Ngõ 19 Lạc Trung')",2,name,Ngõ 19 Lạc Trung
"('name', 'Ngõ 15 Tạ Quang Bửu')",2,name,Ngõ 15 Tạ Quang Bửu
"('name', 'Phố Nguyễn Xí')",2,name,Phố Nguyễn Xí
"('name', 'Ngõ 132 Phố Lò Đúc')",2,name,Ngõ 132 Phố Lò Đúc
"('name', 'Phố Ngô Quyền')",2,name,Phố Ngô Quyền
"('name', 'Ngõ 159')",2,name,Ngõ 159
"('name', 'Ngõ 108 Phố Lò Đúc')",2,name,Ngõ 108 Phố Lò Đúc
"('name', 'Phố Thợ Nhuộm')",2,name,Phố Thợ Nhuộm
"('name', 'Phố Hồ Hoàn Kiếm')",2,name,Phố Hồ Hoàn Kiếm
"('name', 'Ngõ 16 phố Tạ Quang Bửu')",2,name,Ngõ 16 phố Tạ Quang Bửu
"('name', 'Phố Trần Xuân Soạn')",2,name,Phố Trần Xuân Soạn
"('name', 'Ngõ 19 Phố Hồng Mai')",2,name,Ngõ 19 Phố Hồng Mai
"('name', 'Phố Lò Sũ')",2,name,Phố Lò Sũ
"('name:zh', '吴权街')",2,name:zh,吴权街
"('name', 'Ngõ 216')",2,name,Ngõ 216
"('name:en', 'Tran Xuan Soan Street')",2,name:en,Tran Xuan Soan Street
"('name', 'Ngõ 27 Tạ Quang Bửu')",2,name,Ngõ 27 Tạ Quang Bửu
"('name:en', 'Ngo Quyen Street')",2,name:en,Ngo Quyen Street
"('name:en', 'Lo Su Street')",2,name:en,Lo Su Street
"('alt_name:vi', 'Phố Bảo Khánh')",1,alt_name:vi,Phố Bảo Khánh
"('amenity', 'school')",1,amenity,school
"('name', 'Ngõ 203 Phố Kim Ngưu')",1,name,Ngõ 203 Phố Kim Ngưu
"('name', 'Phố Hồ Xuân Hương')",1,name,Phố Hồ Xuân Hương
"('name', 'Ngõ 29 Hồng Mai')",1,name,Ngõ 29 Hồng Mai
"('name', 'Ngõ 325 Kim Ngưu')",1,name,Ngõ 325 Kim Ngưu
"('alt_name', 'Phố Bảo Khánh')",1,alt_name,Phố Bảo Khánh
"('name', 'Ngõ 34 Kim Ngưu')",1,name,Ngõ 34 Kim Ngưu
"('name', 'Phố Huế')",1,name,Phố Huế
"('traffic_signals:direction', 'forward')",1,traffic_signals:direction,forward
"('name', 'Phố Báo Khánh')",1,name,Phố Báo Khánh
"('turn:lanes', 'left|left;through|through|through')",1,turn:lanes,left|left;through|through|through
"('name', 'Ngõ 18 Nguyễn Đình Chiểu')",1,name,Ngõ 18 Nguyễn Đình Chiểu
"('name', 'Ngõ 156 Kim Ngưu')",1,name,Ngõ 156 Kim Ngưu
"('name', 'Ngõ 61 Nguyễn Đình Chiểu')",1,name,Ngõ 61 Nguyễn Đình Chiểu
"('name', 'Ngõ 51 Nguyễn Đình Chiểu')",1,name,Ngõ 51 Nguyễn Đình Chiểu
"('name', 'Ngõ 424 Trần Khát Chân')",1,name,Ngõ 424 Trần Khát Chân
"('name', 'Ngõ Giếng Mứt')",1,name,Ngõ Giếng Mứt
"('name', 'Phố Ngô Văn Sở')",1,name,Phố Ngô Văn Sở
"('name', 'Phố Lương Văn Can')",1,name,Phố Lương Văn Can
"('name', 'Phố Lạc Trung')",1,name,Phố Lạc Trung
"('name:zh', '报庆街')",1,name:zh,报庆街
"('name:id', 'Jalan Bao Khanh')",1,name:id,Jalan Bao Khanh
"('name:en', 'Tran Quoc Toan Street')",1,name:en,Tran Quoc Toan Street
"('name:en', 'Ngo Van So Street')",1,name:en,Ngo Van So Street
"('name:en', 'Luong Van Can Street')",1,name:en,Luong Van Can Street
"('note', 'approximate from a passing photo')",1,note,approximate from a passing photo
"('name:en', 'Hue Street')",1,name:en,Hue Street
"('name:en', 'Ho Xuan Huong Street')",1,name:en,Ho Xuan Huong Street
"('name', 'Không gian Văn hoá Việt')",1,name,Không gian Văn hoá Việt
"('name', 'Ngách 1 Ngõ 203 Phố Kim Ngưu')",1,name,Ngách 1 Ngõ 203 Phố Kim Ngưu
"('old_name:fr', 'Voie № 222')",1,old_name:fr,Voie № 222
"('name:en', 'Bao Khanh Street')",1,name:en,Bao Khanh Street
"('landuse', 'religious')",1,landuse,religious
"('name', 'Ngách 295/75')",1,name,Ngách 295/75
"('name', 'Ngách 295/85')",1,name,Ngách 295/85
"('name', 'Ngách 90 Ngõ 13 Đường Lĩnh Nam')",1,name,Ngách 90 Ngõ 13 Đường Lĩnh Nam
"('name', 'Ngõ 1 Đồng Nhân')",1,name,Ngõ 1 Đồng Nhân
"('name', 'Trường Tiểu học Bạch Mai')",1,name,Trường Tiểu học Bạch Mai
"('religion', 'christian')",1,religion,christian
"('grades', '1-5')",1,grades,1-5
"('name', 'Phố Trần Quốc Toản')",1,name,Phố Trần Quốc Toản
"('name', 'Ngõ 110')",1,name,Ngõ 110
"('name:zh', '梁文玕街')",1,name:zh,梁文玕街
"('name', 'Phố Yec Xanh')",1,name,Phố Yec Xanh
